Number,Date,Time,Time in sec.,Function,Sound,Active
Number,Date,Time,Time in sec.,Function,Sound,Active
Number,Date,Time,Time in sec.,Function,Sound,Active
Number,Date,Time,Time in sec.,Function,Sound,Active
Number,Date,Time,Time in sec.,Function,Sound,Active
Number,Date,Time,Time in sec.,Function,Sound,Active
Number,Date,Time,Time in sec.,Function,Sound,Active
Number,Date,Time,Time in sec.,Function,Sound,Active
Number,Date,Time,Time in sec.,Function,Sound,Active
Number,Date,Time,Time in sec.,Function,Sound,Active
Number,Date,Time,Time in sec.,Function,Sound,Active
Number,Date,Time,Time in sec.,Function,Sound,Active
Number,Date,Time,Time in sec.,Function,Sound,Active
Number,Date,Time,Time in sec.,Function,Sound,Active
Number,Date,Time,Time in sec.,Function,Sound,Active
Number,Date,Time,Time in sec.,Function,Sound,Active
Number,Date,Time,Time in sec.,Function,Sound,Active
Number,Date,Time,Time in sec.,Function,Sound,Active
Number,Date,Time,Time in sec.,Function,Sound,Active
Number,Date,Time,Time in sec.,Function,Sound,Active
Number,Date,Time,Time in sec.,Function,Sound,Active
Number,Date,Time,Time in sec.,Function,Sound,Active
Number,Date,Time,Time in sec.,Function,Sound,Active
Number,Date,Time,Time in sec.,Function,Sound,Active
Number,Date,Time,Time in sec.,Function,Sound,Active
Number,Date,Time,Time in sec.,Function,Sound,Active
Number,Date,Time,Time in sec.,Function,Sound,Active
Number,Date,Time,Time in sec.,Function,Sound,Active
Number,Date,Time,Time in sec.,Function,Sound,Active
Number,Date,Time,Time in sec.,Function,Sound,Active
Number,Date,Time,Time in sec.,Function,Sound,Active
Number,Date,Time,Time in sec.,Function,Sound,Active
Number,Date,Time,Time in sec.,Function,Sound,Active
Number,Date,Time,Time in sec.,Function,Sound,Active
Number,Date,Time,Time in sec.,Function,Sound,Active
Number,Date,Time,Time in sec.,Function,Sound,Active
Number,Date,Time,Time in sec.,Function,Sound,Active
Number,Date,Time,Time in sec.,Function,Sound,Active
Number,Date,Time,Time in sec.,Function,Sound,Active
Number,Date,Time,Time in sec.,Function,Sound,Active
Number,Date,Time,Time in sec.,Function,Sound,Active
Number,Date,Time,Time in sec.,Function,Sound,Active
Number,Date,Time,Time in sec.,Function,Sound,Active
Number,Date,Time,Time in sec.,Function,Sound,Active
Number,Date,Time,Time in sec.,Function,Sound,Active
Number,Date,Time,Time in sec.,Function,Sound,Active
Number,Date,Time,Time in sec.,Function,Sound,Active
Number,Date,Time,Time in sec.,Function,Sound,Active
Number,Date,Time,Time in sec.,Function,Sound,Active
Number,Date,Time,Time in sec.,Function,Sound,Active
Number,Date,Time,Time in sec.,Function,Sound,Active
Number,Date,Time,Time in sec.,Function,Sound,Active
Number,Date,Time,Time in sec.,Function,Sound,Active
Number,Date,Time,Time in sec.,Function,Sound,Active
Number,Date,Time,Time in sec.,Function,Sound,Active
Number,Date,Time,Time in sec.,Function,Sound,Active
